FISBN,,,,
978-555-0-32177-000-9,,,,
978-555-0-32177-001-6,,,,
978-555-0-32177-002-3,,,,
978-555-0-32177-003-0,,,,
978-555-0-32177-004-7,,,,
978-555-0-32177-005-4,,,,
978-555-0-32177-006-1,,,,
978-555-0-32177-007-8,,,,
978-555-0-32177-008-5,,,,
978-555-0-32177-009-2,,,,
978-555-0-32177-010-8,,,,
978-555-0-32177-011-5,,,,
978-555-0-32177-012-2,,,,
978-555-0-32177-013-9,,,,
978-555-0-32177-014-6,,,,
978-555-0-32177-015-3,,,,
978-555-0-32177-016-0,,,,
978-555-0-32177-017-7,,,,
978-555-0-32177-018-4,,,,
978-555-0-32177-019-1,,,,
978-555-0-32177-020-7,,,,
978-555-0-32177-021-4,,,,
978-555-0-32177-022-1,,,,
978-555-0-32177-023-8,,,,
978-555-0-32177-024-5,,,,
978-555-0-32177-025-2,,,,
978-555-0-32177-026-9,,,,
978-555-0-32177-027-6,,,,
978-555-0-32177-028-3,,,,
978-555-0-32177-029-0,,,,
978-555-0-32177-030-6,,,,
978-555-0-32177-031-3,,,,
978-555-0-32177-032-0,,,,
978-555-0-32177-033-7,,,,
978-555-0-32177-034-4,,,,
978-555-0-32177-035-1,,,,
978-555-0-32177-036-8,,,,
978-555-0-32177-037-5,,,,
978-555-0-32177-038-2,,,,
978-555-0-32177-039-9,,,,
978-555-0-32177-040-5,,,,
978-555-0-32177-041-2,,,,
978-555-0-32177-042-9,,,,
978-555-0-32177-043-6,,,,
978-555-0-32177-044-3,,,,
978-555-0-32177-045-0,,,,
978-555-0-32177-046-7,,,,
978-555-0-32177-047-4,,,,
978-555-0-32177-048-1,,,,
978-555-0-32177-049-8,,,,
978-555-0-32177-050-4,,,,
978-555-0-32177-051-1,,,,
978-555-0-32177-052-8,,,,
978-555-0-32177-053-5,,,,
978-555-0-32177-054-2,,,,
978-555-0-32177-055-9,,,,
978-555-0-32177-056-6,,,,
978-555-0-32177-057-3,,,,
978-555-0-32177-058-0,,,,
978-555-0-32177-059-7,,,,
978-555-0-32177-060-3,,,,
978-555-0-32177-061-0,,,,
978-555-0-32177-062-7,,,,
978-555-0-32177-063-4,,,,
978-555-0-32177-064-1,,,,
978-555-0-32177-065-8,,,,
978-555-0-32177-066-5,,,,
978-555-0-32177-067-2,,,,
978-555-0-32177-068-9,,,,
978-555-0-32177-069-6,,,,
978-555-0-32177-070-2,,,,
978-555-0-32177-071-9,,,,
978-555-0-32177-072-6,,,,
978-555-0-32177-073-3,,,,
978-555-0-32177-074-0,,,,
978-555-0-32177-075-7,,,,
978-555-0-32177-076-4,,,,
978-555-0-32177-077-1,,,,
978-555-0-32177-078-8,,,,
978-555-0-32177-079-5,,,,
978-555-0-32177-080-1,,,,
978-555-0-32177-081-8,,,,
978-555-0-32177-082-5,,,,
978-555-0-32177-083-2,,,,
978-555-0-32177-084-9,,,,
978-555-0-32177-085-6,,,,
978-555-0-32177-086-3,,,,
978-555-0-32177-087-0,,,,
978-555-0-32177-088-7,,,,
978-555-0-32177-089-4,,,,
978-555-0-32177-090-0,,,,
978-555-0-32177-091-7,,,,
978-555-0-32177-092-4,,,,
978-555-0-32177-093-1,,,,
978-555-0-32177-094-8,,,,
978-555-0-32177-095-5,,,,
978-555-0-32177-096-2,,,,
978-555-0-32177-097-9,,,,
978-555-0-32177-098-6,,,,
978-555-0-32177-099-3,,,,
978-555-0-32177-100-6,,,,
978-555-0-32177-101-3,,,,
978-555-0-32177-102-0,,,,
978-555-0-32177-103-7,,,,
978-555-0-32177-104-4,,,,
978-555-0-32177-105-1,,,,
978-555-0-32177-106-8,,,,
978-555-0-32177-107-5,,,,
978-555-0-32177-108-2,,,,
978-555-0-32177-109-9,,,,
978-555-0-32177-110-5,,,,
978-555-0-32177-111-2,,,,
978-555-0-32177-112-9,,,,
978-555-0-32177-113-6,,,,
978-555-0-32177-114-3,,,,
978-555-0-32177-115-0,,,,
978-555-0-32177-116-7,,,,
978-555-0-32177-117-4,,,,
978-555-0-32177-118-1,,,,
978-555-0-32177-119-8,,,,
978-555-0-32177-120-4,,,,
978-555-0-32177-121-1,,,,
978-555-0-32177-122-8,,,,
978-555-0-32177-123-5,,,,
978-555-0-32177-124-2,,,,
978-555-0-32177-125-9,,,,
978-555-0-32177-126-6,,,,
978-555-0-32177-127-3,,,,
978-555-0-32177-128-0,,,,
978-555-0-32177-129-7,,,,
978-555-0-32177-130-3,,,,
978-555-0-32177-131-0,,,,
978-555-0-32177-132-7,,,,
978-555-0-32177-133-4,,,,
978-555-0-32177-134-1,,,,
978-555-0-32177-135-8,,,,
978-555-0-32177-136-5,,,,
978-555-0-32177-137-2,,,,
978-555-0-32177-138-9,,,,
978-555-0-32177-139-6,,,,
978-555-0-32177-140-2,,,,
978-555-0-32177-141-9,,,,
978-555-0-32177-142-6,,,,
978-555-0-32177-143-3,,,,
978-555-0-32177-144-0,,,,
978-555-0-32177-145-7,,,,
978-555-0-32177-146-4,,,,
978-555-0-32177-147-1,,,,
978-555-0-32177-148-8,,,,
978-555-0-32177-149-5,,,,
978-555-0-32177-150-1,,,,
978-555-0-32177-151-8,,,,
978-555-0-32177-152-5,,,,
978-555-0-32177-153-2,,,,
978-555-0-32177-154-9,,,,
978-555-0-32177-155-6,,,,
978-555-0-32177-156-3,,,,
978-555-0-32177-157-0,,,,
978-555-0-32177-158-7,,,,
978-555-0-32177-159-4,,,,
978-555-0-32177-160-0,,,,
978-555-0-32177-161-7,,,,
978-555-0-32177-162-4,,,,
978-555-0-32177-163-1,,,,
978-555-0-32177-164-8,,,,
978-555-0-32177-165-5,,,,
978-555-0-32177-166-2,,,,
978-555-0-32177-167-9,,,,
978-555-0-32177-168-6,,,,
978-555-0-32177-169-3,,,,
978-555-0-32177-170-9,,,,
978-555-0-32177-171-6,,,,
978-555-0-32177-172-3,,,,
978-555-0-32177-173-0,,,,
978-555-0-32177-174-7,,,,
978-555-0-32177-175-4,,,,
978-555-0-32177-176-1,,,,
978-555-0-32177-177-8,,,,
978-555-0-32177-178-5,,,,
978-555-0-32177-179-2,,,,
978-555-0-32177-180-8,,,,
978-555-0-32177-181-5,,,,
978-555-0-32177-182-2,,,,
978-555-0-32177-183-9,,,,
978-555-0-32177-184-6,,,,
978-555-0-32177-185-3,,,,
978-555-0-32177-186-0,,,,
978-555-0-32177-187-7,,,,
978-555-0-32177-188-4,,,,
978-555-0-32177-189-1,,,,
978-555-0-32177-190-7,,,,
978-555-0-32177-191-4,,,,
978-555-0-32177-192-1,,,,
978-555-0-32177-193-8,,,,
978-555-0-32177-194-5,,,,
978-555-0-32177-195-2,,,,
978-555-0-32177-196-9,,,,
978-555-0-32177-197-6,,,,
978-555-0-32177-198-3,,,,
978-555-0-32177-199-0,,,,
978-555-0-32177-200-3,,,,
978-555-0-32177-201-0,,,,
978-555-0-32177-202-7,,,,
978-555-0-32177-203-4,,,,
978-555-0-32177-204-1,,,,
978-555-0-32177-205-8,,,,
978-555-0-32177-206-5,,,,
978-555-0-32177-207-2,,,,
978-555-0-32177-208-9,,,,
978-555-0-32177-209-6,,,,
978-555-0-32177-210-2,,,,
978-555-0-32177-211-9,,,,
978-555-0-32177-212-6,,,,
978-555-0-32177-213-3,,,,
978-555-0-32177-214-0,,,,
978-555-0-32177-215-7,,,,
978-555-0-32177-216-4,,,,
978-555-0-32177-217-1,,,,
978-555-0-32177-218-8,,,,
978-555-0-32177-219-5,,,,
978-555-0-32177-220-1,,,,
978-555-0-32177-221-8,,,,
978-555-0-32177-222-5,,,,
978-555-0-32177-223-2,,,,
978-555-0-32177-224-9,,,,
978-555-0-32177-225-6,,,,
978-555-0-32177-226-3,,,,
978-555-0-32177-227-0,,,,
978-555-0-32177-228-7,,,,
978-555-0-32177-229-4,,,,
978-555-0-32177-230-0,,,,
978-555-0-32177-231-7,,,,
978-555-0-32177-232-4,,,,
978-555-0-32177-233-1,,,,
978-555-0-32177-234-8,,,,
978-555-0-32177-235-5,,,,
978-555-0-32177-236-2,,,,
978-555-0-32177-237-9,,,,
978-555-0-32177-238-6,,,,
978-555-0-32177-239-3,,,,
978-555-0-32177-240-9,,,,
978-555-0-32177-241-6,,,,
978-555-0-32177-242-3,,,,
978-555-0-32177-243-0,,,,
978-555-0-32177-244-7,,,,
978-555-0-32177-245-4,,,,
978-555-0-32177-246-1,,,,
978-555-0-32177-247-8,,,,
978-555-0-32177-248-5,,,,
978-555-0-32177-249-2,,,,
978-555-0-32177-250-8,,,,
978-555-0-32177-251-5,,,,
978-555-0-32177-252-2,,,,
978-555-0-32177-253-9,,,,
978-555-0-32177-254-6,,,,
978-555-0-32177-255-3,,,,
978-555-0-32177-256-0,,,,
978-555-0-32177-257-7,,,,
978-555-0-32177-258-4,,,,
978-555-0-32177-259-1,,,,
978-555-0-32177-260-7,,,,
978-555-0-32177-261-4,,,,
978-555-0-32177-262-1,,,,
978-555-0-32177-263-8,,,,
978-555-0-32177-264-5,,,,
978-555-0-32177-265-2,,,,
978-555-0-32177-266-9,,,,
978-555-0-32177-267-6,,,,
978-555-0-32177-268-3,,,,
978-555-0-32177-269-0,,,,
978-555-0-32177-270-6,,,,
978-555-0-32177-271-3,,,,
978-555-0-32177-272-0,,,,
978-555-0-32177-273-7,,,,
978-555-0-32177-274-4,,,,
978-555-0-32177-275-1,,,,
978-555-0-32177-276-8,,,,
978-555-0-32177-277-5,,,,
978-555-0-32177-278-2,,,,
978-555-0-32177-279-9,,,,
978-555-0-32177-280-5,,,,
978-555-0-32177-281-2,,,,
978-555-0-32177-282-9,,,,
978-555-0-32177-283-6,,,,
978-555-0-32177-284-3,,,,
978-555-0-32177-285-0,,,,
978-555-0-32177-286-7,,,,
978-555-0-32177-287-4,,,,
978-555-0-32177-288-1,,,,
978-555-0-32177-289-8,,,,
978-555-0-32177-290-4,,,,
978-555-0-32177-291-1,,,,
978-555-0-32177-292-8,,,,
978-555-0-32177-293-5,,,,
978-555-0-32177-294-2,,,,
978-555-0-32177-295-9,,,,
978-555-0-32177-296-6,,,,
978-555-0-32177-297-3,,,,
978-555-0-32177-298-0,,,,
978-555-0-32177-299-7,,,,
978-555-0-32177-300-0,,,,
978-555-0-32177-301-7,,,,
978-555-0-32177-302-4,,,,
978-555-0-32177-303-1,,,,
978-555-0-32177-304-8,,,,
978-555-0-32177-305-5,,,,
978-555-0-32177-306-2,,,,
978-555-0-32177-307-9,,,,
978-555-0-32177-308-6,,,,
978-555-0-32177-309-3,,,,
978-555-0-32177-310-9,,,,
978-555-0-32177-311-6,,,,
978-555-0-32177-312-3,,,,
978-555-0-32177-313-0,,,,
978-555-0-32177-314-7,,,,
978-555-0-32177-315-4,,,,
978-555-0-32177-316-1,,,,
978-555-0-32177-317-8,,,,
978-555-0-32177-318-5,,,,
978-555-0-32177-319-2,,,,
978-555-0-32177-320-8,,,,
978-555-0-32177-321-5,,,,
978-555-0-32177-322-2,,,,
978-555-0-32177-323-9,,,,
978-555-0-32177-324-6,,,,
978-555-0-32177-325-3,,,,
978-555-0-32177-326-0,,,,
978-555-0-32177-327-7,,,,
978-555-0-32177-328-4,,,,
978-555-0-32177-329-1,,,,
978-555-0-32177-330-7,,,,
978-555-0-32177-331-4,,,,
978-555-0-32177-332-1,,,,
978-555-0-32177-333-8,,,,
978-555-0-32177-334-5,,,,
978-555-0-32177-335-2,,,,
978-555-0-32177-336-9,,,,
978-555-0-32177-337-6,,,,
978-555-0-32177-338-3,,,,
978-555-0-32177-339-0,,,,
978-555-0-32177-340-6,,,,
978-555-0-32177-341-3,,,,
978-555-0-32177-342-0,,,,
978-555-0-32177-343-7,,,,
978-555-0-32177-344-4,,,,
978-555-0-32177-345-1,,,,
978-555-0-32177-346-8,,,,
978-555-0-32177-347-5,,,,
978-555-0-32177-348-2,,,,
978-555-0-32177-349-9,,,,
978-555-0-32177-350-5,,,,
978-555-0-32177-351-2,,,,
978-555-0-32177-352-9,,,,
978-555-0-32177-353-6,,,,
978-555-0-32177-354-3,,,,
978-555-0-32177-355-0,,,,
978-555-0-32177-356-7,,,,
978-555-0-32177-357-4,,,,
978-555-0-32177-358-1,,,,
978-555-0-32177-359-8,,,,
978-555-0-32177-360-4,,,,
978-555-0-32177-361-1,,,,
978-555-0-32177-362-8,,,,
978-555-0-32177-363-5,,,,
978-555-0-32177-364-2,,,,
978-555-0-32177-365-9,,,,
978-555-0-32177-366-6,,,,
978-555-0-32177-367-3,,,,
978-555-0-32177-368-0,,,,
978-555-0-32177-369-7,,,,
978-555-0-32177-370-3,,,,
978-555-0-32177-371-0,,,,
978-555-0-32177-372-7,,,,
978-555-0-32177-373-4,,,,
978-555-0-32177-374-1,,,,
978-555-0-32177-375-8,,,,
978-555-0-32177-376-5,,,,
978-555-0-32177-377-2,,,,
978-555-0-32177-378-9,,,,
978-555-0-32177-379-6,,,,
978-555-0-32177-380-2,,,,
978-555-0-32177-381-9,,,,
978-555-0-32177-382-6,,,,
978-555-0-32177-383-3,,,,
978-555-0-32177-384-0,,,,
978-555-0-32177-385-7,,,,
978-555-0-32177-386-4,,,,
978-555-0-32177-387-1,,,,
978-555-0-32177-388-8,,,,
978-555-0-32177-389-5,,,,
978-555-0-32177-390-1,,,,
978-555-0-32177-391-8,,,,
978-555-0-32177-392-5,,,,
978-555-0-32177-393-2,,,,
978-555-0-32177-394-9,,,,
978-555-0-32177-395-6,,,,
978-555-0-32177-396-3,,,,
978-555-0-32177-397-0,,,,
978-555-0-32177-398-7,,,,
978-555-0-32177-399-4,,,,
978-555-0-32177-400-7,,,,
978-555-0-32177-401-4,,,,
978-555-0-32177-402-1,,,,
978-555-0-32177-403-8,,,,
978-555-0-32177-404-5,,,,
978-555-0-32177-405-2,,,,
978-555-0-32177-406-9,,,,
978-555-0-32177-407-6,,,,
978-555-0-32177-408-3,,,,
978-555-0-32177-409-0,,,,
978-555-0-32177-410-6,,,,
978-555-0-32177-411-3,,,,
978-555-0-32177-412-0,,,,
978-555-0-32177-413-7,,,,
978-555-0-32177-414-4,,,,
978-555-0-32177-415-1,,,,
978-555-0-32177-416-8,,,,
978-555-0-32177-417-5,,,,
978-555-0-32177-418-2,,,,
978-555-0-32177-419-9,,,,
978-555-0-32177-420-5,,,,
978-555-0-32177-421-2,,,,
978-555-0-32177-422-9,,,,
978-555-0-32177-423-6,,,,
978-555-0-32177-424-3,,,,
978-555-0-32177-425-0,,,,
978-555-0-32177-426-7,,,,
978-555-0-32177-427-4,,,,
978-555-0-32177-428-1,,,,
978-555-0-32177-429-8,,,,
978-555-0-32177-430-4,,,,
978-555-0-32177-431-1,,,,
978-555-0-32177-432-8,,,,
978-555-0-32177-433-5,,,,
978-555-0-32177-434-2,,,,
978-555-0-32177-435-9,,,,
978-555-0-32177-436-6,,,,
978-555-0-32177-437-3,,,,
978-555-0-32177-438-0,,,,
978-555-0-32177-439-7,,,,
978-555-0-32177-440-3,,,,
978-555-0-32177-441-0,,,,
978-555-0-32177-442-7,,,,
978-555-0-32177-443-4,,,,
978-555-0-32177-444-1,,,,
978-555-0-32177-445-8,,,,
978-555-0-32177-446-5,,,,
978-555-0-32177-447-2,,,,
978-555-0-32177-448-9,,,,
978-555-0-32177-449-6,,,,
978-555-0-32177-450-2,,,,
978-555-0-32177-451-9,,,,
978-555-0-32177-452-6,,,,
978-555-0-32177-453-3,,,,
978-555-0-32177-454-0,,,,
978-555-0-32177-455-7,,,,
978-555-0-32177-456-4,,,,
978-555-0-32177-457-1,,,,
978-555-0-32177-458-8,,,,
978-555-0-32177-459-5,,,,
978-555-0-32177-460-1,,,,
978-555-0-32177-461-8,,,,
978-555-0-32177-462-5,,,,
978-555-0-32177-463-2,,,,
978-555-0-32177-464-9,,,,
978-555-0-32177-465-6,,,,
978-555-0-32177-466-3,,,,
978-555-0-32177-467-0,,,,
978-555-0-32177-468-7,,,,
978-555-0-32177-469-4,,,,
978-555-0-32177-470-0,,,,
978-555-0-32177-471-7,,,,
978-555-0-32177-472-4,,,,
978-555-0-32177-473-1,,,,
978-555-0-32177-474-8,,,,
978-555-0-32177-475-5,,,,
978-555-0-32177-476-2,,,,
978-555-0-32177-477-9,,,,
978-555-0-32177-478-6,,,,
978-555-0-32177-479-3,,,,
978-555-0-32177-480-9,,,,
978-555-0-32177-481-6,,,,
978-555-0-32177-482-3,,,,
978-555-0-32177-483-0,,,,
978-555-0-32177-484-7,,,,
978-555-0-32177-485-4,,,,
978-555-0-32177-486-1,,,,
978-555-0-32177-487-8,,,,
978-555-0-32177-488-5,,,,
978-555-0-32177-489-2,,,,
978-555-0-32177-490-8,,,,
978-555-0-32177-491-5,,,,
978-555-0-32177-492-2,,,,
978-555-0-32177-493-9,,,,
978-555-0-32177-494-6,,,,
978-555-0-32177-495-3,,,,
978-555-0-32177-496-0,,,,
978-555-0-32177-497-7,,,,
978-555-0-32177-498-4,,,,
978-555-0-32177-499-1,,,,
978-555-0-32177-500-4,,,,
978-555-0-32177-501-1,,,,
978-555-0-32177-502-8,,,,
978-555-0-32177-503-5,,,,
978-555-0-32177-504-2,,,,
978-555-0-32177-505-9,,,,
978-555-0-32177-506-6,,,,
978-555-0-32177-507-3,,,,
978-555-0-32177-508-0,,,,
978-555-0-32177-509-7,,,,
978-555-0-32177-510-3,,,,
978-555-0-32177-511-0,,,,
978-555-0-32177-512-7,,,,
978-555-0-32177-513-4,,,,
978-555-0-32177-514-1,,,,
978-555-0-32177-515-8,,,,
978-555-0-32177-516-5,,,,
978-555-0-32177-517-2,,,,
978-555-0-32177-518-9,,,,
978-555-0-32177-519-6,,,,
978-555-0-32177-520-2,,,,
978-555-0-32177-521-9,,,,
978-555-0-32177-522-6,,,,
978-555-0-32177-523-3,,,,
978-555-0-32177-524-0,,,,
978-555-0-32177-525-7,,,,
978-555-0-32177-526-4,,,,
978-555-0-32177-527-1,,,,
978-555-0-32177-528-8,,,,
978-555-0-32177-529-5,,,,
978-555-0-32177-530-1,,,,
978-555-0-32177-531-8,,,,
978-555-0-32177-532-5,,,,
978-555-0-32177-533-2,,,,
978-555-0-32177-534-9,,,,
978-555-0-32177-535-6,,,,
978-555-0-32177-536-3,,,,
978-555-0-32177-537-0,,,,
978-555-0-32177-538-7,,,,
978-555-0-32177-539-4,,,,
978-555-0-32177-540-0,,,,
978-555-0-32177-541-7,,,,
978-555-0-32177-542-4,,,,
978-555-0-32177-543-1,,,,
978-555-0-32177-544-8,,,,
978-555-0-32177-545-5,,,,
978-555-0-32177-546-2,,,,
978-555-0-32177-547-9,,,,
978-555-0-32177-548-6,,,,
978-555-0-32177-549-3,,,,
978-555-0-32177-550-9,,,,
978-555-0-32177-551-6,,,,
978-555-0-32177-552-3,,,,
978-555-0-32177-553-0,,,,
978-555-0-32177-554-7,,,,
978-555-0-32177-555-4,,,,
978-555-0-32177-556-1,,,,
978-555-0-32177-557-8,,,,
978-555-0-32177-558-5,,,,
978-555-0-32177-559-2,,,,
978-555-0-32177-560-8,,,,
978-555-0-32177-561-5,,,,
978-555-0-32177-562-2,,,,
978-555-0-32177-563-9,,,,
978-555-0-32177-564-6,,,,
978-555-0-32177-565-3,,,,
978-555-0-32177-566-0,,,,
978-555-0-32177-567-7,,,,
978-555-0-32177-568-4,,,,
978-555-0-32177-569-1,,,,
978-555-0-32177-570-7,,,,
978-555-0-32177-571-4,,,,
978-555-0-32177-572-1,,,,
978-555-0-32177-573-8,,,,
978-555-0-32177-574-5,,,,
978-555-0-32177-575-2,,,,
978-555-0-32177-576-9,,,,
978-555-0-32177-577-6,,,,
978-555-0-32177-578-3,,,,
978-555-0-32177-579-0,,,,
978-555-0-32177-580-6,,,,
978-555-0-32177-581-3,,,,
978-555-0-32177-582-0,,,,
978-555-0-32177-583-7,,,,
978-555-0-32177-584-4,,,,
978-555-0-32177-585-1,,,,
978-555-0-32177-586-8,,,,
978-555-0-32177-587-5,,,,
978-555-0-32177-588-2,,,,
978-555-0-32177-589-9,,,,
978-555-0-32177-590-5,,,,
978-555-0-32177-591-2,,,,
978-555-0-32177-592-9,,,,
978-555-0-32177-593-6,,,,
978-555-0-32177-594-3,,,,
978-555-0-32177-595-0,,,,
978-555-0-32177-596-7,,,,
978-555-0-32177-597-4,,,,
978-555-0-32177-598-1,,,,
978-555-0-32177-599-8,,,,
978-555-0-32177-600-1,,,,
978-555-0-32177-601-8,,,,
978-555-0-32177-602-5,,,,
978-555-0-32177-603-2,,,,
978-555-0-32177-604-9,,,,
978-555-0-32177-605-6,,,,
978-555-0-32177-606-3,,,,
978-555-0-32177-607-0,,,,
978-555-0-32177-608-7,,,,
978-555-0-32177-609-4,,,,
978-555-0-32177-610-0,,,,
978-555-0-32177-611-7,,,,
978-555-0-32177-612-4,,,,
978-555-0-32177-613-1,,,,
978-555-0-32177-614-8,,,,
978-555-0-32177-615-5,,,,
978-555-0-32177-616-2,,,,
978-555-0-32177-617-9,,,,
978-555-0-32177-618-6,,,,
978-555-0-32177-619-3,,,,
978-555-0-32177-620-9,,,,
978-555-0-32177-621-6,,,,
978-555-0-32177-622-3,,,,
978-555-0-32177-623-0,,,,
978-555-0-32177-624-7,,,,
978-555-0-32177-625-4,,,,
978-555-0-32177-626-1,,,,
978-555-0-32177-627-8,,,,
978-555-0-32177-628-5,,,,
978-555-0-32177-629-2,,,,
978-555-0-32177-630-8,,,,
978-555-0-32177-631-5,,,,
978-555-0-32177-632-2,,,,
978-555-0-32177-633-9,,,,
978-555-0-32177-634-6,,,,
978-555-0-32177-635-3,,,,
978-555-0-32177-636-0,,,,
978-555-0-32177-637-7,,,,
978-555-0-32177-638-4,,,,
978-555-0-32177-639-1,,,,
978-555-0-32177-640-7,,,,
978-555-0-32177-641-4,,,,
978-555-0-32177-642-1,,,,
978-555-0-32177-643-8,,,,
978-555-0-32177-644-5,,,,
978-555-0-32177-645-2,,,,
978-555-0-32177-646-9,,,,
978-555-0-32177-647-6,,,,
978-555-0-32177-648-3,,,,
978-555-0-32177-649-0,,,,
978-555-0-32177-650-6,,,,
978-555-0-32177-651-3,,,,
978-555-0-32177-652-0,,,,
978-555-0-32177-653-7,,,,
978-555-0-32177-654-4,,,,
978-555-0-32177-655-1,,,,
978-555-0-32177-656-8,,,,
978-555-0-32177-657-5,,,,
978-555-0-32177-658-2,,,,
978-555-0-32177-659-9,,,,
978-555-0-32177-660-5,,,,
978-555-0-32177-661-2,,,,
978-555-0-32177-662-9,,,,
978-555-0-32177-663-6,,,,
978-555-0-32177-664-3,,,,
978-555-0-32177-665-0,,,,
978-555-0-32177-666-7,,,,
978-555-0-32177-667-4,,,,
978-555-0-32177-668-1,,,,
978-555-0-32177-669-8,,,,
978-555-0-32177-670-4,,,,
978-555-0-32177-671-1,,,,
978-555-0-32177-672-8,,,,
978-555-0-32177-673-5,,,,
978-555-0-32177-674-2,,,,
978-555-0-32177-675-9,,,,
978-555-0-32177-676-6,,,,
978-555-0-32177-677-3,,,,
978-555-0-32177-678-0,,,,
978-555-0-32177-679-7,,,,
978-555-0-32177-680-3,,,,
978-555-0-32177-681-0,,,,
978-555-0-32177-682-7,,,,
978-555-0-32177-683-4,,,,
978-555-0-32177-684-1,,,,
978-555-0-32177-685-8,,,,
978-555-0-32177-686-5,,,,
978-555-0-32177-687-2,,,,
978-555-0-32177-688-9,,,,
978-555-0-32177-689-6,,,,
978-555-0-32177-690-2,,,,
978-555-0-32177-691-9,,,,
978-555-0-32177-692-6,,,,
978-555-0-32177-693-3,,,,
978-555-0-32177-694-0,,,,
978-555-0-32177-695-7,,,,
978-555-0-32177-696-4,,,,
978-555-0-32177-697-1,,,,
978-555-0-32177-698-8,,,,
978-555-0-32177-699-5,,,,
978-555-0-32177-700-8,,,,
978-555-0-32177-701-5,,,,
978-555-0-32177-702-2,,,,
978-555-0-32177-703-9,,,,
978-555-0-32177-704-6,,,,
978-555-0-32177-705-3,,,,
978-555-0-32177-706-0,,,,
978-555-0-32177-707-7,,,,
978-555-0-32177-708-4,,,,
978-555-0-32177-709-1,,,,
978-555-0-32177-710-7,,,,
978-555-0-32177-711-4,,,,
978-555-0-32177-712-1,,,,
978-555-0-32177-713-8,,,,
978-555-0-32177-714-5,,,,
978-555-0-32177-715-2,,,,
978-555-0-32177-716-9,,,,
978-555-0-32177-717-6,,,,
978-555-0-32177-718-3,,,,
978-555-0-32177-719-0,,,,
978-555-0-32177-720-6,,,,
978-555-0-32177-721-3,,,,
978-555-0-32177-722-0,,,,
978-555-0-32177-723-7,,,,
978-555-0-32177-724-4,,,,
978-555-0-32177-725-1,,,,
978-555-0-32177-726-8,,,,
978-555-0-32177-727-5,,,,
978-555-0-32177-728-2,,,,
978-555-0-32177-729-9,,,,
978-555-0-32177-730-5,,,,
978-555-0-32177-731-2,,,,
978-555-0-32177-732-9,,,,
978-555-0-32177-733-6,,,,
978-555-0-32177-734-3,,,,
978-555-0-32177-735-0,,,,
978-555-0-32177-736-7,,,,
978-555-0-32177-737-4,,,,
978-555-0-32177-738-1,,,,
978-555-0-32177-739-8,,,,
978-555-0-32177-740-4,,,,
978-555-0-32177-741-1,,,,
978-555-0-32177-742-8,,,,
978-555-0-32177-743-5,,,,
978-555-0-32177-744-2,,,,
978-555-0-32177-745-9,,,,
978-555-0-32177-746-6,,,,
978-555-0-32177-747-3,,,,
978-555-0-32177-748-0,,,,
978-555-0-32177-749-7,,,,
978-555-0-32177-750-3,,,,
978-555-0-32177-751-0,,,,
978-555-0-32177-752-7,,,,
978-555-0-32177-753-4,,,,
978-555-0-32177-754-1,,,,
978-555-0-32177-755-8,,,,
978-555-0-32177-756-5,,,,
978-555-0-32177-757-2,,,,
978-555-0-32177-758-9,,,,
978-555-0-32177-759-6,,,,
978-555-0-32177-760-2,,,,
978-555-0-32177-761-9,,,,
978-555-0-32177-762-6,,,,
978-555-0-32177-763-3,,,,
978-555-0-32177-764-0,,,,
978-555-0-32177-765-7,,,,
978-555-0-32177-766-4,,,,
978-555-0-32177-767-1,,,,
978-555-0-32177-768-8,,,,
978-555-0-32177-769-5,,,,
978-555-0-32177-770-1,,,,
978-555-0-32177-771-8,,,,
978-555-0-32177-772-5,,,,
978-555-0-32177-773-2,,,,
978-555-0-32177-774-9,,,,
978-555-0-32177-775-6,,,,
978-555-0-32177-776-3,,,,
978-555-0-32177-777-0,,,,
978-555-0-32177-778-7,,,,
978-555-0-32177-779-4,,,,
978-555-0-32177-780-0,,,,
978-555-0-32177-781-7,,,,
978-555-0-32177-782-4,,,,
978-555-0-32177-783-1,,,,
978-555-0-32177-784-8,,,,
978-555-0-32177-785-5,,,,
978-555-0-32177-786-2,,,,
978-555-0-32177-787-9,,,,
978-555-0-32177-788-6,,,,
978-555-0-32177-789-3,,,,
978-555-0-32177-790-9,,,,
978-555-0-32177-791-6,,,,
978-555-0-32177-792-3,,,,
978-555-0-32177-793-0,,,,
978-555-0-32177-794-7,,,,
978-555-0-32177-795-4,,,,
978-555-0-32177-796-1,,,,
978-555-0-32177-797-8,,,,
978-555-0-32177-798-5,,,,
978-555-0-32177-799-2,,,,
978-555-0-32177-800-5,,,,
978-555-0-32177-801-2,,,,
978-555-0-32177-802-9,,,,
978-555-0-32177-803-6,,,,
978-555-0-32177-804-3,,,,
978-555-0-32177-805-0,,,,
978-555-0-32177-806-7,,,,
978-555-0-32177-807-4,,,,
978-555-0-32177-808-1,,,,
978-555-0-32177-809-8,,,,
978-555-0-32177-810-4,,,,
978-555-0-32177-811-1,,,,
978-555-0-32177-812-8,,,,
978-555-0-32177-813-5,,,,
978-555-0-32177-814-2,,,,
978-555-0-32177-815-9,,,,
978-555-0-32177-816-6,,,,
978-555-0-32177-817-3,,,,
978-555-0-32177-818-0,,,,
978-555-0-32177-819-7,,,,
978-555-0-32177-820-3,,,,
978-555-0-32177-821-0,,,,
978-555-0-32177-822-7,,,,
978-555-0-32177-823-4,,,,
978-555-0-32177-824-1,,,,
978-555-0-32177-825-8,,,,
978-555-0-32177-826-5,,,,
978-555-0-32177-827-2,,,,
978-555-0-32177-828-9,,,,
978-555-0-32177-829-6,,,,
978-555-0-32177-830-2,,,,
978-555-0-32177-831-9,,,,
978-555-0-32177-832-6,,,,
978-555-0-32177-833-3,,,,
978-555-0-32177-834-0,,,,
978-555-0-32177-835-7,,,,
978-555-0-32177-836-4,,,,
978-555-0-32177-837-1,,,,
978-555-0-32177-838-8,,,,
978-555-0-32177-839-5,,,,
978-555-0-32177-840-1,,,,
978-555-0-32177-841-8,,,,
978-555-0-32177-842-5,,,,
978-555-0-32177-843-2,,,,
978-555-0-32177-844-9,,,,
978-555-0-32177-845-6,,,,
978-555-0-32177-846-3,,,,
978-555-0-32177-847-0,,,,
978-555-0-32177-848-7,,,,
978-555-0-32177-849-4,,,,
978-555-0-32177-850-0,,,,
978-555-0-32177-851-7,,,,
978-555-0-32177-852-4,,,,
978-555-0-32177-853-1,,,,
978-555-0-32177-854-8,,,,
978-555-0-32177-855-5,,,,
978-555-0-32177-856-2,,,,
978-555-0-32177-857-9,,,,
978-555-0-32177-858-6,,,,
978-555-0-32177-859-3,,,,
978-555-0-32177-860-9,,,,
978-555-0-32177-861-6,,,,
978-555-0-32177-862-3,,,,
978-555-0-32177-863-0,,,,
978-555-0-32177-864-7,,,,
978-555-0-32177-865-4,,,,
978-555-0-32177-866-1,,,,
978-555-0-32177-867-8,,,,
978-555-0-32177-868-5,,,,
978-555-0-32177-869-2,,,,
978-555-0-32177-870-8,,,,
978-555-0-32177-871-5,,,,
978-555-0-32177-872-2,,,,
978-555-0-32177-873-9,,,,
978-555-0-32177-874-6,,,,
978-555-0-32177-875-3,,,,
978-555-0-32177-876-0,,,,
978-555-0-32177-877-7,,,,
978-555-0-32177-878-4,,,,
978-555-0-32177-879-1,,,,
978-555-0-32177-880-7,,,,
978-555-0-32177-881-4,,,,
978-555-0-32177-882-1,,,,
978-555-0-32177-883-8,,,,
978-555-0-32177-884-5,,,,
978-555-0-32177-885-2,,,,
978-555-0-32177-886-9,,,,
978-555-0-32177-887-6,,,,
978-555-0-32177-888-3,,,,
978-555-0-32177-889-0,,,,
978-555-0-32177-890-6,,,,
978-555-0-32177-891-3,,,,
978-555-0-32177-892-0,,,,
978-555-0-32177-893-7,,,,
978-555-0-32177-894-4,,,,
978-555-0-32177-895-1,,,,
978-555-0-32177-896-8,,,,
978-555-0-32177-897-5,,,,
978-555-0-32177-898-2,,,,
978-555-0-32177-899-9,,,,
978-555-0-32177-900-2,,,,
978-555-0-32177-901-9,,,,
978-555-0-32177-902-6,,,,
978-555-0-32177-903-3,,,,
978-555-0-32177-904-0,,,,
978-555-0-32177-905-7,,,,
978-555-0-32177-906-4,,,,
978-555-0-32177-907-1,,,,
978-555-0-32177-908-8,,,,
978-555-0-32177-909-5,,,,
978-555-0-32177-910-1,,,,
978-555-0-32177-911-8,,,,
978-555-0-32177-912-5,,,,
978-555-0-32177-913-2,,,,
978-555-0-32177-914-9,,,,
978-555-0-32177-915-6,,,,
978-555-0-32177-916-3,,,,
978-555-0-32177-917-0,,,,
978-555-0-32177-918-7,,,,
978-555-0-32177-919-4,,,,
978-555-0-32177-920-0,,,,
978-555-0-32177-921-7,,,,
978-555-0-32177-922-4,,,,
978-555-0-32177-923-1,,,,
978-555-0-32177-924-8,,,,
978-555-0-32177-925-5,,,,
978-555-0-32177-926-2,,,,
978-555-0-32177-927-9,,,,
978-555-0-32177-928-6,,,,
978-555-0-32177-929-3,,,,
978-555-0-32177-930-9,,,,
978-555-0-32177-931-6,,,,
978-555-0-32177-932-3,,,,
978-555-0-32177-933-0,,,,
978-555-0-32177-934-7,,,,
978-555-0-32177-935-4,,,,
978-555-0-32177-936-1,,,,
978-555-0-32177-937-8,,,,
978-555-0-32177-938-5,,,,
978-555-0-32177-939-2,,,,
978-555-0-32177-940-8,,,,
978-555-0-32177-941-5,,,,
978-555-0-32177-942-2,,,,
978-555-0-32177-943-9,,,,
978-555-0-32177-944-6,,,,
978-555-0-32177-945-3,,,,
978-555-0-32177-946-0,,,,
978-555-0-32177-947-7,,,,
978-555-0-32177-948-4,,,,
978-555-0-32177-949-1,,,,
978-555-0-32177-950-7,,,,
978-555-0-32177-951-4,,,,
978-555-0-32177-952-1,,,,
978-555-0-32177-953-8,,,,
978-555-0-32177-954-5,,,,
978-555-0-32177-955-2,,,,
978-555-0-32177-956-9,,,,
978-555-0-32177-957-6,,,,
978-555-0-32177-958-3,,,,
978-555-0-32177-959-0,,,,
978-555-0-32177-960-6,,,,
978-555-0-32177-961-3,,,,
978-555-0-32177-962-0,,,,
978-555-0-32177-963-7,,,,
978-555-0-32177-964-4,,,,
978-555-0-32177-965-1,,,,
978-555-0-32177-966-8,,,,
978-555-0-32177-967-5,,,,
978-555-0-32177-968-2,,,,
978-555-0-32177-969-9,,,,
978-555-0-32177-970-5,,,,
978-555-0-32177-971-2,,,,
978-555-0-32177-972-9,,,,
978-555-0-32177-973-6,,,,
978-555-0-32177-974-3,,,,
978-555-0-32177-975-0,,,,
978-555-0-32177-976-7,,,,
978-555-0-32177-977-4,,,,
978-555-0-32177-978-1,,,,
978-555-0-32177-979-8,,,,
978-555-0-32177-980-4,,,,
978-555-0-32177-981-1,,,,
978-555-0-32177-982-8,,,,
978-555-0-32177-983-5,,,,
978-555-0-32177-984-2,,,,
978-555-0-32177-985-9,,,,
978-555-0-32177-986-6,,,,
978-555-0-32177-987-3,,,,
978-555-0-32177-988-0,,,,
978-555-0-32177-989-7,,,,
978-555-0-32177-990-3,,,,
978-555-0-32177-991-0,,,,
978-555-0-32177-992-7,,,,
978-555-0-32177-993-4,,,,
978-555-0-32177-994-1,,,,
978-555-0-32177-995-8,,,,
978-555-0-32177-996-5,,,,
978-555-0-32177-997-2,,,,
978-555-0-32177-998-9,,,,
978-555-0-32177-999-6,,,,
